,date,username,to,replies,retweets,favorites,text,classification,geo,mentions,hashtags,id,permalink,Unnamed: 13,Unnamed: 14,Unnamed: 15,Unnamed: 16,Unnamed: 17,Unnamed: 18,Unnamed: 19,Unnamed: 20
59209,7/1/13 0:11,Diego_Pelayo,,2,26,1,Lo que disparÃ³ la policÃ­a durante la final #MaracanÃ£ #ProtestoRJ #Brazil #CopaConfederaciones #CopaDelMundo2014pic.twitter.com/CxsRgJeaW7,Negativo,,,#MaracanÃ£ #ProtestoRJ #Brazil #CopaConfederaciones #CopaDelMundo2014pic,"3,51E+17",https://twitter.com/Diego_Pelayo/status/351493101963059201,,,,,,,,
10702,7/17/13 23:20,wizardofgore,,0,2,0,"Manifestantes aumentam no #OcupaCabral. Leblon, libere seu wifi e #vemprarua, para o #protestorj.",Positivo,,,#OcupaCabral #vemprarua #protestorj,"3,58E+17",https://twitter.com/wizardofgore/status/357641002116321281,,,,,,,,
1005,7/29/13 23:56,Juliaa_er,,0,0,0,Kaya SIWON SUPER JUNIOR! Yg perutnya kotak2..hahaha RT @ZenithSalatiga: Tipe cowo / cewe yang kamu suka seperti apa ? #MPL,Indefinido,,@ZenithSalatiga,#MPL,"3,62E+17",https://twitter.com/Juliaa_er/status/361998655500197888,,,,,,,,
40339,7/31/13 0:39,CPNews_blog,,0,0,0,"Esse mundo tÃ¡ mesmo perdido, tÃ¡ parecendo fim do mundo essas manifestaÃ§Ãµes em SP e RJ.... #MudaBrasil !",Negativo,,,#MudaBrasil,"3,62E+17",https://twitter.com/CPNews_blog/status/362371993556881411,,,,,,,,
27091,7/5/13 19:14,DontComeToBrazi,,0,2,0,"#AcordaDeNovoBrasil #VemPraRua #ChangeBrazil nÃ£o vamos voltar Ã  zona de conforto, 53% dos royalties para a educaÃ§Ã£o jÃ¡ nos foram cortados",Negativo,,,#AcordaDeNovoBrasil #VemPraRua #ChangeBrazil,"3,53E+17",https://twitter.com/DontComeToBrazi/status/353230458672259072,,,,,,,,
27758,7/5/13 12:32,dgigialira,,0,0,0,VAMOS COBRAR HONESTIDADE EM TODOS OS SETORES DA SOCIEDADE ! #vemprarua,Positivo,,,#vemprarua,"3,53E+17",https://twitter.com/dgigialira/status/353129196526108678,,,,,,,,
21678,7/10/13 1:11,ohleths,OOCharlotte,2,0,0,"@Banhuda_ @onerockvato @smaiuolo @dayannasj #vemprarua ops, nÃ£o #vemprovibe kkkkkkkkk",Indefinido,,@Banhuda_ @onerockvato @smaiuolo @dayannasj,#vemprarua #vemprovibe,"3,55E+17",https://twitter.com/ohleths/status/354769722107101184,,,,,,,,
46132,7/20/13 6:06,MhtYumru,,0,0,0,"#Protesto her dÃ¶nem,her zaman olur.Ãœzerine alÄ±nma.Ãœlkemi daha nasÄ±l #demokrasi nin beÅŸiÄŸi yaparÄ±m diye dÃ¼ÅŸÃ¼n. #ileridemokrasi deÄŸil ha!",Indefinido,,,#Protesto #demokrasi #ileridemokrasi,"3,58E+17",https://twitter.com/MhtYumru/status/358468016813514754,,,,,,,,
56416,7/3/13 3:34,BlogDoTato67,,0,2,0,"#Saindo com a deixa da noite: ""O PT, sÃ³ Fraude explica: pic.twitter.com/MPyr3ULAan"" via @galamastoide #MudaBrasil #ForaPT #BoaNoite Fui.",Negativo,,@galamastoide,#Saindo #MudaBrasil #ForaPT #BoaNoite,"3,52E+17",https://twitter.com/BlogDoTato67/status/352269204960972802,,,,,,,,
47827,7/17/13 19:26,LincolnNery1,,0,0,0,"GRANDE ATO, PAPA VEJA COMO SOMOS TRATADOS - http://lincnery.blogspot.com.br/2013/07/grande-ato-papa-veja-como-somos-tratados.html â€¦ #protestorj",Negativo,,,#protestorj,"3,58E+17",https://twitter.com/LincolnNery1/status/357582176746872833,,,,,,,,
30818,7/3/13 22:53,MarciaPsy,,0,0,0,EngraÃ§ado.... #GloboNews nÃ£o vai mostrar????? #VemPraRua http://fb.me/2neuTYBy2,Negativo,,,#GloboNews #VemPraRua,"3,53E+17",https://twitter.com/MarciaPsy/status/352560826755981313,,,,,,,,
58615,7/1/13 2:02,misojosxelmundo,,0,2,0,"#Brazil #ProtestoRJ En lo que va de manifestaciones y represiones en RÃ­o, Ã©ste es el segundo dÃ­a con la represiÃ³n mÃ¡s violenta. #Brasil",Indefinido,,,#Brazil #ProtestoRJ #Brasil,"3,52E+17",https://twitter.com/misojosxelmundo/status/351521058404319232,,,,,,,,
10023,7/18/13 12:50,venilsonl2,,0,0,0,ConsideraÃ§Ã£o 3: ParabÃ©ns ao povo do Rio de Janeiro que atacou ontem a globo! Eu apoio totalmente #OGiganteAcordou #ChangeBrazil #VamosMudar,Negativo,,,#OGiganteAcordou #ChangeBrazil #VamosMudar,"3,58E+17",https://twitter.com/venilsonl2/status/357844782808170496,,,,,,,,
44910,7/23/13 1:02,oan_max_ik,,0,0,0,"O Triste Fim de ZINGUIST, THE BEGGAR, no Frio de Porto Alegre http://razzendresss.blogspot.com/2012/10/zinguist-beggar.html?spref=tw â€¦ #ChangeBrazil JMJ Papa Laranjeiras POA Papa #ProtestoRJ",Negativo,,,#ChangeBrazil #ProtestoRJ,"3,59E+17",https://twitter.com/oan_max_ik/status/359478634270031872,,,,,,,,
36686,7/1/13 19:50,luccasphoto,,0,0,0,#VemPraRua DivinÃ³polis http://instagram.com/p/bPFVoIgZAP/,Indefinido,,,#VemPraRua,"3,52E+17",https://twitter.com/luccasphoto/status/351789925659717632,,,,,,,,
38810,7/1/13 1:45,vandersonmaia,,0,0,0,#VemPraRua #ProtestoAnimal http://fb.me/FbxATC0n,Indefinido,,,#VemPraRua #ProtestoAnimal,"3,52E+17",https://twitter.com/vandersonmaia/status/351516799671607298,,,,,,,,
25291,7/7/13 1:59,Binho_Metal,,0,0,0,Seria vÃ¡lido corelacionar o #passelivre e o primeiro emprego dos estudantes? #BrasilSemRumo,Negativo,,,#passelivre #BrasilSemRumo,"3,54E+17",https://twitter.com/Binho_Metal/status/353694615511113730,,,,,,,,
25636,7/6/13 20:09,BetoCCruz,,0,0,0,#acordabrasil http://mob.li/_egQRm,Indefinido,,,#acordabrasil,"3,54E+17",https://twitter.com/BetoCCruz/status/353606704161763329,,,,,,,,
50248,7/12/13 15:04,RuanEmmanuell,,0,2,0,Nem tudo Ã© o que parece. .. #ProtestoRJ,Negativo,,,#ProtestoRJ,"3,56E+17",https://twitter.com/RuanEmmanuell/status/355704328062906370,,,,,,,,
4271,7/25/13 1:30,e_ditora,,0,1,0,TODA AÃ§Ã£o tem uma reaÃ§Ã£o. Ã© lei de fÃ­sica. NÃ£o dÃ¡ pra fugir nem mudando de GalÃ¡xia. #ChangeBrasil #VemPraRUA... http://fb.me/1FZHj0YBX,Negativo,,,#ChangeBrasil #VemPraRUA,"3,60E+17",https://twitter.com/e_ditora/status/360210301511155712,,,,,,,,
57137,7/2/13 12:43,JORGEIT,,0,0,0,O Futebol acabou agora vamos pensar na prÃ³xima batalha! #NÃ£o queremos #Plebiscito Queremos #Sim um #ForaDilma. E os #Mensaleiros na #Cadeia,Negativo,,,#NÃ£o #Plebiscito #Sim #ForaDilma #Mensaleiros #Cadeia,"3,52E+17",https://twitter.com/JORGEIT/status/352044975783030784,,,,,,,,
26563,7/6/13 0:54,leituraeduc,,0,0,0,MilhÃµes sonegados pela Globo poderiam ser canalizados para a SaÃºde e EducaÃ§Ã£o #ogiganteacordou http://portugueseindependentnews.com/milhoes-sonegados-pela-globo-poderiam-ser-canalizados-para-a-saude-e-educacao/ â€¦,Negativo,,,#ogiganteacordou,"3,53E+17",https://twitter.com/leituraeduc/status/353315904676839424,,,,,,,,
59675,7/9/13 3:33,IsabelaNBR,,0,0,0,Horas para eleger um presidente sem preconceitos na ComissÃ£o de Direitos Humanos da CÃ¢mara. #ForaFeliciano http://www.avaaz.org/po/petition/Imediata_destituicao_do_Pr_Marco_Feliciano_da_Presidencia_da_Comissao_de_Direitos_Humanos_da_Camara_Federal/?wrsiQeb â€¦,Negativo,,,#ForaFeliciano,"3,54E+17",https://twitter.com/IsabelaNBR/status/354443254088990721,,,,,,,,
41863,7/27/13 0:41,MarcelloLobatto,,0,3,0,#foradilma #foraPT http://instagram.com/p/cP-fyCnn9i/,Indefinido,,,#foradilma #foraPT,"3,61E+17",https://twitter.com/MarcelloLobatto/status/360922829744635905,,,,,,,,
53378,7/8/13 14:12,reminiscences,gsjnilson,0,1,0,@gsjnilson @solangesad Finalmente! AlguÃ©m para gritar: #foradilma !,Positivo,,@gsjnilson @solangesad,#foradilma,"3,54E+17",https://twitter.com/reminiscences/status/354241684374171649,,,,,,,,
47031,7/18/13 5:36,RF_Machado,RF_Machado,0,0,0,"@ihamma #GloboNews #ProtestoRJ Brasil, O povo antes ""gado"" parece ter acordado e se dado conta que na verdade sao patrÃµes dos polÃ­ticos em G",Positivo,,@ihamma,#GloboNews #ProtestoRJ,"3,58E+17",https://twitter.com/RF_Machado/status/357735484513984512,,,,,,,,
19593,7/11/13 0:53,J0seNildo,,0,1,0,"11/07 ManifestaÃ§Ã£o concentra professores, petroleiros, estudantes,aposentados, metalÃºrgicos,comerciÃ¡rios, enfermeiros.. #VemPraRua MossorÃ³",Positivo,,,#VemPraRua,"3,55E+17",https://twitter.com/J0seNildo/status/355127593219002370,,,,,,,,
9400,7/18/13 23:16,rmfabio,,0,0,0,@RadarCostaVerde #Afronta ao #EstadoDemocrÃ¡tico sÃ£o os absurdos q #Cabral nos faz engolir com seus privilÃ©gios d #imperador. #VemPraRua,Negativo,,@RadarCostaVerde,#Afronta #EstadoDemocrÃ¡tico #Cabral #imperador #VemPraRua,"3,58E+17",https://twitter.com/rmfabio/status/358002287567847424,,,,,,,,
57160,7/2/13 11:59,fabiojoakim,,0,0,0,#mudabrasil http://fb.me/1vcGOEJD5,Indefinido,,,#mudabrasil,"3,52E+17",https://twitter.com/fabiojoakim/status/352033812689076225,,,,,,,,
38179,7/1/13 9:48,NicoPontes4,,0,0,0,RT @ultimosegundo: Teste: qual o seu estilo de raiva? http://bit.ly/1aucLtB aquela que #vemprarua,Negativo,,@ultimosegundo,#vemprarua,"3,52E+17",https://twitter.com/NicoPontes4/status/351638472999710721,,,,,,,,
33370,7/2/13 23:10,hazzaoniall,,0,0,0,#vemprarua http://instagram.com/p/bSBASjIj-L/,Indefinido,,,#vemprarua,"3,52E+17",https://twitter.com/hazzaoniall/status/352202764442537984,,,,,,,,
10686,7/17/13 23:35,7rrf_Qlm,,1,19,1,Hoje sim eu vou gritar #OGiganteAcordou,Positivo,,,#OGiganteAcordou,"3,58E+17",https://twitter.com/7rrf_Qlm/status/357644757905842177,,,,,,,,
30655,7/4/13 0:04,VemPraTmdSports,,0,0,0,#VemPraRua foraaaaaaaaaaaaa baquit,Negativo,,,#VemPraRua,"3,53E+17",https://twitter.com/VemPraTmdSports/status/352578616762179584,,,,,,,,
12289,7/16/13 11:54,NicoPontes4,,0,0,0,CONFIRAM o #passelivre aereo RT @radiobandnewsfm: O link para ver as informaÃ§Ãµes dos voos da FAB estÃ¡ no nosso site http://bandnewsfm.com.br,Indefinido,,@radiobandnewsfm,#passelivre,"3,57E+17",https://twitter.com/NicoPontes4/status/357105855440760832,,,,,,,,
49380,7/14/13 23:47,Ricardohuckk,,0,0,0,"isso Ã© o brasil!! Q os hospitais Ã± sabem mas diferenciar uma lesÃ£o...puta merda, #mudabrasil. http://fb.me/2N6s0C2g6",Negativo,,,#mudabrasil,"3,57E+17",https://twitter.com/Ricardohuckk/status/356560617609498624,,,,,,,,
57059,7/2/13 14:23,abreumartha,AryAntiPT,0,4,0,"@Arykara2 @Tom_brz Ã‘ sÃ£o mÃ©dicos, sÃ£o guerrilheiros treinados saÃ­dos do MST que virÃ£o doutrinar a populaÃ§Ã£o carente. #forapt #foradilma",Negativo,,@Arykara2 @Tom_brz,#forapt #foradilma,"3,52E+17",https://twitter.com/abreumartha/status/352070059067310080,,,,,,,,
54117,7/6/13 1:18,thiagotudela,,0,0,0,#brazil #saiprarua #foradilma http://instagram.com/p/bZ-ANgzSha/,Indefinido,,,#brazil #saiprarua #foradilma,"3,53E+17",https://twitter.com/thiagotudela/status/353322019816873984,,,,,,,,
19823,7/10/13 22:51,blindpunch,luuluan,1,0,0,@luuluan @xkarenzinhax VC Ã‰ MO TROXA!!! A KAREN TA TE ODIANDO E EU TO AJUDANDO ELA A ODIAR!! SHUAUSHSAUHUSH #VEMPRARUA,Negativo,,@luuluan @xkarenzinhax,#VEMPRARUA,"3,55E+17",https://twitter.com/blindpunch/status/355096869019455489,,,,,,,,
37791,7/1/13 13:16,mca0604,,0,0,0,Â¡Una afronta a la capacidad intelectual de los ciudadanos brasileÃ±os! http://www2.planalto.gov.br/imprensa/discursos/declaracion-de-la-presidenta-de-la-republica-dilma-rousseff-en-cadena-nacional-de-radio-y-television â€¦ #OGiganteAcordou #ForÃ§aBrasil #EspaÃ±a,Negativo,,,#OGiganteAcordou #ForÃ§aBrasil #EspaÃ±a,"3,52E+17",https://twitter.com/mca0604/status/351690718487646209,,,,,,,,
37696,7/1/13 13:46,arrudalo,,0,0,0,"O Renan, o GenoÃ­no, o JoÃ£o Paulo estÃ£o ainda no congresso!!!! Este Ã© mÃªs de prender os mensaleiros. #mudabrasil #vemprarua #acordabrasil",Negativo,,,#mudabrasil #vemprarua #acordabrasil,"3,52E+17",https://twitter.com/arrudalo/status/351698242557313024,,,,,,,,
52777,7/9/13 17:44,rmfabio,,0,2,0,@Brasileira_NATA CidadÃ£o #protesta AO VIVO no JH da #GloboLixo. ParabÃ©ns! http://bit.ly/1deXMR7 #protestorj,Neutro,,@Brasileira_NATA,#protesta #GloboLixo #protestorj,"3,55E+17",https://twitter.com/rmfabio/status/354657379071176706,,,,,,,,
30133,7/4/13 10:18,FalaCachoeira,,0,0,0,NÃ£o queremos saber de Egito Temos prÃ³prios problemas para resolver. #vemprarua e vamos continuar o que comeÃ§amos. Acordou e foi dormir?,Negativo,,,#vemprarua,"3,53E+17",https://twitter.com/FalaCachoeira/status/352733141271724032,,,,,,,,
53649,7/7/13 13:56,Alexandrealvo,,0,0,0,"""Ã‰ mais fÃ¡cil enganar as pessoas, do que convencÃª-las que elas foram enganadas"". #mudabrasil",Neutro,,,#mudabrasil,"3,54E+17",https://twitter.com/Alexandrealvo/status/353875072332742656,,,,,,,,
46396,7/19/13 17:45,helimarsantos,,0,0,0,#foradilma http://instagram.com/p/b9NWBTQeTP/,Indefinido,,,#foradilma,"3,58E+17",https://twitter.com/helimarsantos/status/358281337154715649,,,,,,,,
37731,7/1/13 13:35,LexQuaresma,,0,0,0,"#Globo e #ForaDilma achando q o futebol ia ""esfriar"" o povo. #SQN #VemPraRua #Brasil #PTNuncaMais http://g1.globo.com/sao-paulo/protestos/2013/cobertura/ â€¦ #SaÃºde #EducaÃ§Ã£o",Negativo,,,#Globo #ForaDilma #SQN #VemPraRua #Brasil #PTNuncaMais #SaÃºde #EducaÃ§Ã£o,"3,52E+17",https://twitter.com/LexQuaresma/status/351695523016740864,,,,,,,,
4227,7/25/13 2:28,VioletTachihara,,0,0,0,"#AcordaBrasil #Petralhas #RedeBobo "" @LauraGassert: se continuar esse resultado, o atlÃ©tico continua invicto no BR mas perde a libertadores""",Indefinido,,@LauraGassert,#AcordaBrasil #Petralhas #RedeBobo,"3,60E+17",https://twitter.com/VioletTachihara/status/360224969738829824,,,,,,,,
6961,7/22/13 15:44,ciro_queiroz,,0,0,0,O Reizinho voltou com tudo! #vasco #ogiganteacordou #gigantedacolina #maracanÃ£ http://instagram.com/p/cEtxapOeXk/,Indefinido,,,#vasco #ogiganteacordou #gigantedacolina #maracanÃ£,"3,59E+17",https://twitter.com/ciro_queiroz/status/359338162474070016,,,,,,,,
59121,7/1/13 0:24,ggrk_,,0,3,0,http://twitcasting.tv/midianinja NINJA VOLTOU! #protestorj,Indefinido,,,#protestorj,"3,51E+17",https://twitter.com/ggrk_/status/351496438607380483,,,,,,,,
24226,7/8/13 1:53,NANDOZAP,,0,0,0,#ogiganteacordou por que isso parece engraÃ§ado? pic.twitter.com/ll8LTQtRUm,Negativo,,,#ogiganteacordou,"3,54E+17",https://twitter.com/NANDOZAP/status/354055512486199296,,,,,,,,
317,7/31/13 13:31,renato_vix__es,,0,0,0,#VEMPRARUA ! ! ! >>>>>>>>>>>>>>>> VAMOS COMPARTILHAR GALERA ! ! ! http://fb.me/21wDcpvQL,Positivo,,,#VEMPRARUA,"3,63E+17",https://twitter.com/renato_vix__es/status/362566091907670016,,,,,,,,
28373,7/5/13 2:26,dktanimoto_,,0,2,0,JARRHÃƒO #vemprarua,Indefinido,,,#vemprarua,"3,53E+17",https://twitter.com/dktanimoto_/status/352976763246223360,,,,,,,,
6102,7/23/13 1:25,vempraruade10,,0,0,0,RelatÃ³rio PF - Jampa Digital http://issuu.com/clickpb/docs/xxxx â€¦ Ministro da Dilma claramente envolvido => http://twitpic.com/d44db1 #Vemprarua #ForaDilma,Negativo,,,#Vemprarua #ForaDilma,"3,59E+17",https://twitter.com/vempraruade10/status/359484373856292864,,,,,,,,
27341,7/5/13 16:24,nanrodrigues,MarcosDeManobra,1,1,0,@markbec #vemprarua,Indefinido,,@markbec,#vemprarua,"3,53E+17",https://twitter.com/nanrodrigues/status/353187616457359360,,,,,,,,
56577,7/3/13 0:35,atarde,,0,0,0,http://www.atarde.com.br/materias/1515504 â€¦ #protesto MÃ©dicos de Santo AntÃ´nio de Jesus vÃ£o Ã s ruas nesta quarta,Neutro,,,#protesto,"3,52E+17",https://twitter.com/atarde/status/352223993027235841,,,,,,,,
20315,7/10/13 17:44,LeonaraByanca12,,0,0,0,#VemPraRua lol',Neutro,,,#VemPraRua,"3,55E+17",https://twitter.com/LeonaraByanca12/status/355019688973053952,,,,,,,,
9688,7/18/13 18:21,dgigialira,,0,0,0,Querem receber Papa e copa do mundo num paÃ­s sem transporte . FEDERALISMO JÃ ! #vemprarua,Negativo,,,#vemprarua,"3,58E+17",https://twitter.com/dgigialira/status/357928048466722816,,,,,,,,
19850,7/10/13 22:34,turquim5,,0,6,0,#OGiganteAcordou e nÃ£o quer mais ser pautado por uma emissora inimiga do povo Brasileiro e amiga de Washington!! Fim do monopÃ³lio da mÃ­dia.,Negativo,,,#OGiganteAcordou,"3,55E+17",https://twitter.com/turquim5/status/355092613843533824,,,,,,,,
14373,7/13/13 16:02,OccupyWallStNYC,,0,5,0,institutions are eroding under our liquid times,Indefinido, art is becoming increasingly dimensional #Virilio #Bauman #OWS #hypermodernity #vemprarua,,,#Virilio #Bauman #OWS #hypermodernity #vemprarua,"3,56E+17",https://twitter.com/OccupyWallStNYC/status/356081116396003329,,,,,,,
15952,7/12/13 6:35,agagigante,,0,0,0,Pensa num cara louco por espiga de milho! #milho #partiusalinas ogiganteacordou #ogiganteacordouâ€¦ http://instagram.com/p/bp_JarAND0/,Neutro,,,#milho #partiusalinas #ogiganteacordou,"3,56E+17",https://twitter.com/agagigante/status/355576100396601344,,,,,,,,
40087,7/31/13 23:37,odia24horas,,2,1,1,"#Protestorj Manifestantes desocupam a Alerj e partem para a CinelÃ¢ndia pela Av. Presidente Antonio Carlos, no #Centrorj",Neutro,,,#Protestorj #Centrorj,"3,63E+17",https://twitter.com/odia24horas/status/362718729638920195,,,,,,,,
25693,7/6/13 19:26,Falabonetti,,0,0,0,"#foradilma fora Caminhoneiros parem mesmo esse paÃ­s, vamos forÃ§ar a saÃ­da dessa senhora mau intencionada dÃ¡ presidÃªncia. #vemprarua",Negativo,,,#foradilma #vemprarua,"3,54E+17",https://twitter.com/Falabonetti/status/353595812359585792,,,,,,,,
1494,7/28/13 21:32,Webertelemos,,1,0,0,#ogiganteacordou Ãguia vence Brasiliense numa virada incrÃ­vel em MarabÃ¡. 2x1,Indefinido,,,#ogiganteacordou,"3,62E+17",https://twitter.com/Webertelemos/status/361600167717253122,,,,,,,,
21903,7/9/13 21:56,oan_max_ik,,0,0,0,Operation #BigBrother > TAG hunting #anarchist http://razzendresss.blogspot.com/2013/07/movimento-radical-hashtag-anarquista.html?spref=tw â€¦ #tcot GOP New York Chicago Magna Carta STF #VemPraRua #Win Globo UK Â°,Indefinido,,,#BigBrother #anarchist #tcot #VemPraRua #Win,"3,55E+17",https://twitter.com/oan_max_ik/status/354720846478192641,,,,,,,,
36334,7/1/13 21:53,oan_max_ik,,0,0,0,ZINGUIST - THE BEGGAR http://razzendresss.blogspot.com/2012/10/zinguist-beggar.html?spref=tw â€¦ áƒ¥áƒáƒ áƒ—áƒ£áƒšáƒ˜ í•œêµ­ì–´ à´®à´²à´¯à´¾à´³à´‚ Snowden é¦™æ¸¯ Brazil MaracanÃ£ Copa #Vemprarua Paris Pelicans Rio de Janeiro Â³,Indefinido,,,#Vemprarua,"3,52E+17",https://twitter.com/oan_max_ik/status/351820904419958784,,,,,,,,
55779,7/3/13 23:27,Fabiano_pg,agenciabrasil,0,1,0,@agenciabrasil Preocupa o fato do Egito poder servir de exemplo para os brasileiros? #ChangeBrasil #MudaBrasil,Neutro,,@agenciabrasil,#ChangeBrasil #MudaBrasil,"3,53E+17",https://twitter.com/Fabiano_pg/status/352569387800207360,,,,,,,,
22811,7/9/13 15:14,krtqsr,,0,0,0,jagabaik2 buat ygterbaik :* #mpL :)),Indefinido,,,#mpL,"3,55E+17",https://twitter.com/krtqsr/status/354619570004295680,,,,,,,,
26740,7/5/13 22:45,celiabuarque,LedaNagle,0,0,0,@Lnagle2 @TerraNoticiasBR Muita farra com nosso dinheiro. #vemprarua,Negativo,,@Lnagle2 @TerraNoticiasBR,#vemprarua,"3,53E+17",https://twitter.com/celiabuarque/status/353283583764475906,,,,,,,,
36660,7/1/13 20:07,BetoFontes,,0,0,0,#VempraruaBrasil - #oGIGANTEacordou - #TodosUnidosPorUmBrasilMelhor - #VemPraRua - #Brasil - #ProtestosBrasil -... http://fb.me/1SBF0Z7Ml,Indefinido,,,#VempraruaBrasil #oGIGANTEacordou #TodosUnidosPorUmBrasilMelhor #VemPraRua #Brasil #ProtestosBrasil,"3,52E+17",https://twitter.com/BetoFontes/status/351794113227657216,,,,,,,,
52471,7/10/13 4:55,eumathiasb,,0,0,0,Programa do JÃ´ sensacional! #MudaBrasil #ChangeBrazil http://instagram.com/p/bkqFKOPbOt/,Positivo,,,#MudaBrasil #ChangeBrazil,"3,55E+17",https://twitter.com/eumathiasb/status/354826284901212160,,,,,,,,
51476,7/11/13 15:51,ebanosantos76,,0,0,0,Av. Farrapos esquina com Rua ArabutÃ£ neste momento!! #greve #manifesto #MudaBrasil @Porto Alegre/RS http://instagram.com/p/boZ9yEtTEQ/,Neutro,,@Porto,#greve #manifesto #MudaBrasil,"3,55E+17",https://twitter.com/ebanosantos76/status/355353618326626304,,,,,,,,
14303,7/13/13 18:03,igadelha,,0,2,0,"Chega de ataques infrutÃ­feros, reunamos para viabilizar esta revoluÃ§Ã£o #ReformaPolitica #VemPraRua #ChangeBrazil #foraGenoÃ­no #foraCalheiros",Negativo,,,#ReformaPolitica #VemPraRua #ChangeBrazil #foraGenoÃ­no #foraCalheiros,"3,56E+17",https://twitter.com/igadelha/status/356111749537202176,,,,,,,,
4670,7/24/13 15:10,HalissonThiago,,0,0,0,ManifestaÃ§Ã£o ocorrendo em Jacy-ParanÃ¡. A ponte estÃ¡ fechada e sem previsÃ£o de liberaÃ§Ã£o! #VemPraRua #JacyParanÃ¡ #BR364,Positivo,,,#VemPraRua #JacyParanÃ¡ #BR364,"3,60E+17",https://twitter.com/HalissonThiago/status/360054391459426305,,,,,,,,
10014,7/18/13 13:02,decofleury,,0,1,0,#MandelaDay e #VempraRua nas manifestaÃ§Ãµes no Rio e no Brasil: hÃ¡ mais em comum do que o Ã³bvio nos permite ver.,Neutro,,,#MandelaDay #VempraRua,"3,58E+17",https://twitter.com/decofleury/status/357847783232901122,,,,,,,,
45231,7/22/13 23:25,jun_wilson,,0,2,0,#protestorj #Alerta Agentes do Cabral infiltrado nas manifestaÃ§Ãµes para provocar tumultos e jogar parte da populaÃ§Ã£o contra os manifestantes,Negativo,,,#protestorj #Alerta,"3,59E+17",https://twitter.com/jun_wilson/status/359454145704497152,,,,,,,,
12872,7/15/13 18:25,MyOwnStory,,0,0,0,Wow! I love my new t-shirt! #vemprarua #ProtestoRJ #ProtestosBR #freedom #Snowden http://instagram.com/p/by-o4CqaXw/,Indefinido,,,#vemprarua #ProtestoRJ #ProtestosBR #freedom #Snowden,"3,57E+17",https://twitter.com/MyOwnStory/status/356841926877659136,,,,,,,,
49166,7/15/13 19:22,arnaldinhoborgo,,0,0,0,Conhece a Cabine Blindada do PedÃ¡gio da 3Âª Ponte!? #manifestaÃ§Ã£o #protesto http://instagram.com/p/bzFEluTTTq/,Neutro,,,#manifestaÃ§Ã£o #protesto,"3,57E+17",https://twitter.com/arnaldinhoborgo/status/356856367048429570,,,,,,,,
5208,7/23/13 22:15,glowslarry,crankdatjb,0,1,0,@watselenur ihu #vemprarua #oGiganteAcordou,Positivo,,@watselenur,#vemprarua #oGiganteAcordou,"3,60E+17",https://twitter.com/glowslarry/status/359798978251997185,,,,,,,,
12784,7/15/13 20:14,paulocrepaldi,,0,0,0,"Gostaria de entender + sobre sua opiniÃ£o nas manifestaÃ§Ãµes. Me ajude, respondendo! http://bit.ly/13mHksa #pesquisa #ogiganteacordou #brasil",Neutro,,,#pesquisa #ogiganteacordou #brasil,"3,57E+17",https://twitter.com/paulocrepaldi/status/356869386038030336,,,,,,,,
32594,7/3/13 11:06,professorigor,,0,1,0,"@maluf antigamente os cartazes nas ruas com rostos de criminosos oferecia recompensas, hoje em dia pede votos! #vemprarua",Negativo,,@maluf,#vemprarua,"3,52E+17",https://twitter.com/professorigor/status/352382731042295808,,,,,,,,
45475,7/22/13 19:51,CalineHassan,,0,0,0,Ta de sacanagem?!?! Financial Times destaca hoje o movimento Volta Lula #economia http://jb.com.br/.d7XJ #FAIL #MUDABRASIL,Negativo,,,#economia #FAIL #MUDABRASIL,"3,59E+17",https://twitter.com/CalineHassan/status/359400420117970944,,,,,,,,
13068,7/15/13 13:05,dustinthewind06,Estadao,0,2,0,Bancando a FARRA #vemprarua RT @Estadao: Despesa do governo supera inflaÃ§Ã£o e passa d R$1 trilhÃ£o pela primeira vez: http://migre.me/ftFl1,Negativo,,@Estadao,#vemprarua,"3,57E+17",https://twitter.com/dustinthewind06/status/356761462762508288,,,,,,,,
13384,7/14/13 23:17,GustavoBM2010,,0,0,0,Jesus restaura o que foi corrompido!!! #ogiganteacordou #manifesto,Positivo,,,#ogiganteacordou #manifesto,"3,57E+17",https://twitter.com/GustavoBM2010/status/356553058207006720,,,,,,,,
13806,7/14/13 6:04,RatassSA,,1,0,1,@larissamadi sabe pq o Brasil tÃ¡ ruim desse jeito?? Por causa de corrupÃ§Ã£o e MADIministraÃ§Ã£o desses politiCÃš! #OGiganteAcordou #VemPraRua,Negativo,,@larissamadi,#OGiganteAcordou #VemPraRua,"3,56E+17",https://twitter.com/RatassSA/status/356293141508276224,,,,,,,,
53632,7/7/13 14:48,Magalhures,,0,1,0,"O trÃ¡fico de influÃªncia Ã© o conhecido jeitinho, q ocorre desde o posto de saÃºde atÃ© o STF, passando por todos os poderes. #MudaBrasil",Negativo,,,#MudaBrasil,"3,54E+17",https://twitter.com/Magalhures/status/353888251389558784,,,,,,,,
55724,7/4/13 0:23,Magalhures,Leoni_a_jato,0,0,0,@leoni_a_jato Ã© preciso estar atento e forte... #MudaBrasil,Neutro,,@leoni_a_jato,#MudaBrasil,"3,53E+17",https://twitter.com/Magalhures/status/352583286561837058,,,,,,,,
44104,7/24/13 12:25,PegaVisaoOfc,fapAlone,0,1,0,@fapAlone #Protesto Por um sistema de tirar remela a seco.,Indefinido,,@fapAlone,#Protesto,"3,60E+17",https://twitter.com/PegaVisaoOfc/status/360012861549985792,,,,,,,,
39976,7/1/13 0:02,tainha_vinho,,0,0,0,hoje: GOOL. Amanha: #vemprarua,Positivo,,,#vemprarua,"3,51E+17",https://twitter.com/tainha_vinho/status/351490989174693888,,,,,,,,
24478,7/7/13 20:35,TheNeonBr,peqitw,0,0,0,@TazerCraft Pac da uma olha nesta imagem que eu fiz : #OGiganteAcordou: http://img197.imageshack.us/img197/5343/3bl4.png â€¦,Indefinido,,@TazerCraft,#OGiganteAcordou,"3,54E+17",https://twitter.com/TheNeonBr/status/353975652933836801,,,,,,,,
40480,7/30/13 13:02,viacertanatal,,1,4,0,10h01 #Protesto MÄ—dicos comeÃ§am a se concentram em frente ao Walfredo Gurgel. Logo mais saem em caminhada atÃ© a Governadoria.,Neutro,,,#Protesto,"3,62E+17",https://twitter.com/viacertanatal/status/362196570214629377,,,,,,,,
3354,7/26/13 1:04,itimaliana,,2,0,0,"@Dai_R_Ribeiro @babiisss #vemprarua ""Nao Ã© pelos 20 centavos Ã© pelo meu desejo de ter vocÃªs duas na minha cama."", apenas.",Indefinido,,@Dai_R_Ribeiro @babiisss,#vemprarua,"3,61E+17",https://twitter.com/itimaliana/status/360566352240590849,,,,,,,,
2094,7/27/13 14:47,stfsilva,,0,0,0,"""ou para os unfollows ou paramos o twitter #ogiganteacordou"" vou fingir que nÃ£o li isso",Indefinido,,,#ogiganteacordou,"3,61E+17",https://twitter.com/stfsilva/status/361135648297582592,,,,,,,,
14264,7/13/13 18:44,pisalle,,0,0,0,#brasil #vemprarua http://mob.li/_qm8ya,Indefinido,,,#brasil #vemprarua,"3,56E+17",https://twitter.com/pisalle/status/356121994313482240,,,,,,,,
19635,7/11/13 0:27,rafaelcoqueiro,,0,0,0,"NÃ£o Ã© sentar ficar olhando as mudanÃ§as, temos que ir pra rua! #VemPraRua #ChangeBrasilpic.twitter.com/x7L1lpmHGZ",Neutro,,,#VemPraRua #ChangeBrasilpic,"3,55E+17",https://twitter.com/rafaelcoqueiro/status/355121085844451328,,,,,,,,
35119,7/2/13 10:04,flutermag,,0,3,0,#vemprarua #Brasil: Wie ein #Hashtag die Brasilianer mobilisierte http://bit.ly/12BDCyM #Brasilien #Korruption #WM14,Neutro,,,#vemprarua #Brasil #Hashtag #Brasilien #Korruption #WM14,"3,52E+17",https://twitter.com/flutermag/status/352004924550299648,,,,,,,,
5849,7/23/13 11:02,raphatex,,0,0,0,NÃ£o vejo diferenÃ§a entre terroristas e black blocs: sÃ£o covardes (por esconderem a face) e usam pessoas como escudos humanos #Vemprarua,Negativo,,,#Vemprarua,"3,60E+17",https://twitter.com/raphatex/status/359629505985396738,,,,,,,,
10553,7/18/13 1:01,suporteladygaga,,0,0,0,Que tal investir em educaÃ§Ã£o e saÃºde e nÃ£o em seguranÃ§a com o Papa #acordabrasil #vemprarua #ogiganteacordou,Negativo,,,#acordabrasil #vemprarua #ogiganteacordou,"3,58E+17",https://twitter.com/suporteladygaga/status/357666360773447682,,,,,,,,
27768,7/5/13 12:28,LahM_Silva,,0,0,0,#VEMPRARUA http://fb.me/362Sx8Edi,Indefinido,,,#VEMPRARUA,"3,53E+17",https://twitter.com/LahM_Silva/status/353128173300486147,,,,,,,,
15864,7/12/13 11:59,MariaCa14737911,,0,1,0,#VemPraRua aproveitar o friozinho,Indefinido,,,#VemPraRua,"3,56E+17",https://twitter.com/MariaCa14737911/status/355657687456956416,,,,,,,,
19939,7/10/13 21:48,Tacis,,0,1,0,SerÃ¡ q amanha vai ter a #grevegeral ?? Como queria... #vemprarua,Positivo,,,#grevegeral #vemprarua,"3,55E+17",https://twitter.com/Tacis/status/355081113280065537,,,,,,,,
22907,7/9/13 14:14,luciosilveira,,0,0,0,#ForaDilma #GreveDosCaminhoneiros #VEMPRARUA #CalaABocaDilma http://fb.me/R3S6UzqR,Indefinido,,,#ForaDilma #GreveDosCaminhoneiros #VEMPRARUA #CalaABocaDilma,"3,55E+17",https://twitter.com/luciosilveira/status/354604467548721153,,,,,,,,
29299,7/4/13 18:55,victorconde1914,,0,0,0,15:51- #vemprarua-G1 TO: Cerca de 70 manifestantes ligados aos movimentos de luta pela moradia e dos atingidos... http://fb.me/2wBPMPoBA,Neutro,,,#vemprarua,"3,53E+17",https://twitter.com/victorconde1914/status/352863304567373826,,,,,,,,
53580,7/7/13 18:15,glendhabellini,,0,0,0,"Devemos saber, nem todos sÃ£o ladrÃµes. Assim como nem todo vandalo Ã© protestante... #PolÃ­tica #MudaBrasil http://instagram.com/p/beW-xPsymF/",Neutro,,,#PolÃ­tica #MudaBrasil,"3,54E+17",https://twitter.com/glendhabellini/status/353940227296985088,,,,,,,,
6618,7/22/13 19:18,faelso,,0,0,0,Cade o #VempraRua com o #papa no Brasil????,Neutro,,,#VempraRua #papa,"3,59E+17",https://twitter.com/faelso/status/359392023024902145,,,,,,,,
30232,7/4/13 4:34,leoarteiro,,0,2,0,#VemPraRua #ChangeBrazil #anonymous #occupy http://www.youtube.com/watch?v=q6rYOTeptPs â€¦,Indefinido,,,#VemPraRua #ChangeBrazil #anonymous #occupy,"3,53E+17",https://twitter.com/leoarteiro/status/352646602017615872,,,,,,,,
45502,7/22/13 19:15,anonopsbrazil,,0,15,0,AO VIVO: Acompanhe ato pela recepÃ§ao do papa no RJ >> http://goo.gl/zwYJe #ProtestoRJ,Neutro,,,#ProtestoRJ,"3,59E+17",https://twitter.com/anonopsbrazil/status/359391172541685760,,,,,,,,
20757,7/10/13 16:06,WizardJF,,0,0,0,"Em tempos de protestos e revoluÃ§Ãµes, como dizer ""tarifa de Ã´nibus"" em inglÃªs? ""Bus fare"". #oGiganteAcordou http://fb.me/1B2asVuul",Neutro,,,#oGiganteAcordou,"3,55E+17",https://twitter.com/WizardJF/status/354995127883792385,,,,,,,,
56462,7/3/13 2:36,PiLima11,,0,0,0,"Papel da CIA, NSA, USAID nas manifestaÃ§Ãµes no paÃ­s... #ProtestoRJ #protestoSP #ProtestoMG http://cidadedeminas.blogspot.com/2013/07/papel-da-cia-nsa-usaid-nas.html?spref=tw â€¦",Negativo,,,#ProtestoRJ #protestoSP #ProtestoMG,"3,52E+17",https://twitter.com/PiLima11/status/352254612264337408,,,,,,,,
17386,7/11/13 16:58,fabricio_rosa,,0,0,0,A melhor forma e momento de protestar Ã© nas eleiÃ§Ãµes com sua voto. #acordabrasil,Positivo,,,#acordabrasil,"3,55E+17",https://twitter.com/fabricio_rosa/status/355370636966756353,,,,,,,,
16559,7/11/13 22:29,cassioheleno,,0,2,0,#VEMPRARUA http://fb.me/2QC86VRat,Indefinido,,,#VEMPRARUA,"3,55E+17",https://twitter.com/cassioheleno/status/355453846090297345,,,,,,,,
6583,7/22/13 19:37,deiola,,0,1,0,ManifestaÃ§Ã£o no carro do Papa #vemprarua,Negativo,,,#vemprarua,"3,59E+17",https://twitter.com/deiola/status/359396916850737152,,,,,,,,
39926,7/1/13 0:04,ma_sisiliani,,0,0,0,""" @macaxeirageral: Se nÃ£o fossem os protestos, esse jogo seria Brasil 3,20 x 0 Espanha. #vemprÃ¡rua""",Negativo,,@macaxeirageral,#vemprÃ¡rua,"3,51E+17",https://twitter.com/ma_sisiliani/status/351491468545896448,,,,,,,,
9410,7/18/13 23:12,GilliardBM,,0,0,0,Ã‰sseDoisâ€¦ timtimportimtim #fiz #no #paint #desabafo #vemprarua #trÃªsgÃª #judite #azulderaiva http://instagram.com/p/b7N6qDFucT/,Neutro,,,#fiz #no #paint #desabafo #vemprarua #trÃªsgÃª #judite #azulderaiva,"3,58E+17",https://twitter.com/GilliardBM/status/358001240686333952,,,,,,,,
24469,7/7/13 20:45,marandueira,,0,1,0,Toda sociedade se solidariza com os PMs do Brasil que foram enganados por polÃ­ticos corruptos. #maconheirospelapec300 #vempraruamanaus #mpl,Positivo,,,#maconheirospelapec300 #vempraruamanaus #mpl,"3,54E+17",https://twitter.com/marandueira/status/353978011873316864,,,,,,,,
26262,7/6/13 7:20,jessedu1,,0,1,0,"Na rua correria, pimenta, tensÃ£o, mas volto feliz p casa. Quando assisto atravÃ©s das postagens o sentimento Ã© pior #vemprarua #protestorj",Neutro,,,#vemprarua #protestorj,"3,53E+17",https://twitter.com/jessedu1/status/353413209241288704,,,,,,,,
40600,7/29/13 20:41,JehJottaastica,,0,0,0,#PROTESTO Damasceno SP,Indefinido,,,#PROTESTO,"3,62E+17",https://twitter.com/JehJottaastica/status/361949588460027904,,,,,,,,
54145,7/6/13 0:02,cadeirantes_Br,,1,1,0,"Falta de Ã©tica, nÃ© Presidente do Senado e da Camara! #mudabrasil",Negativo,,,#mudabrasil,"3,53E+17",https://twitter.com/cadeirantes_Br/status/353302867001618432,,,,,,,,
2745,7/26/13 18:52,eulamimporta,,0,0,0,Te dedicamos veruskalbrasil #veruskaemnatal #vempraca #vempranatal #vemprarua #naoehehsoumtituloâ€¦ http://instagram.com/p/cPWf2Qg06E/,Indefinido,,,#veruskaemnatal #vempraca #vempranatal #vemprarua #naoehehsoumtitulo,"3,61E+17",https://twitter.com/eulamimporta/status/360835093310357504,,,,,,,,
6355,7/22/13 22:03,Gus_Moreira,,1,4,1,"O Min. Joaquim Barbosa nao cumprimentou a PresidantA Dilma, por tudo que quero pra um Brasil melhor, Ele sim me representou!!! #VempraRua",Negativo,,,#VempraRua,"3,59E+17",https://twitter.com/Gus_Moreira/status/359433439465832449,,,,,,,,
19715,7/10/13 23:50,poa_cruel_news,,0,0,0,#Copa2014 Porto Alegre 10/7/13 Prefeito 37 Secretarias Esposa Pref Numa Onibus + Caro RJ Aumento IPTU CÃ¢mara Tomada p/ Povo #VempRArUA,Neutro,,,#Copa2014 #VempRArUA,"3,55E+17",https://twitter.com/poa_cruel_news/status/355111894899621891,,,,,,,,
51151,7/11/13 20:14,Bruno_bgp,,0,0,0,"#LiberdadeDeExpressÃ£o Deixa eu falar filho da puta... Viver nÃ£o vale nada se eu nÃ£o me expressar, esteja certo ou errado. #MudaBrasil",Negativo,,,#LiberdadeDeExpressÃ£o #MudaBrasil,"3,55E+17",https://twitter.com/Bruno_bgp/status/355419851268960257,,,,,,,,
31333,7/3/13 20:43,Gynelli,FHenry36,1,0,0,"@FHenry36 O que era um caos, ficou ainda pior. Se alguÃ©m precisar de atendimento #vemprarua Mas, Ã© claro eles tem que lutar por eles.",Neutro,,@FHenry36,#vemprarua,"3,53E+17",https://twitter.com/Gynelli/status/352528129253842945,,,,,,,,
35378,7/2/13 3:48,BR_Indignado_,,0,1,0,#CorrupÃ§Ã£o #pedÃ¡gio pÃ¡ra o Brasil. PEDÃGIO PELA METADE EM TODO O BRASIL! #AcordaBrasil #ChangeBrazil #PedÃ¡gioPor2 http://twitpic.com/d0bvfl,Positivo,,,#CorrupÃ§Ã£o #pedÃ¡gio #AcordaBrasil #ChangeBrazil #PedÃ¡gioPor2,"3,52E+17",https://twitter.com/BR_Indignado_/status/351910341514510336,,,,,,,,
14953,7/12/13 21:47,obarbosabruno,,0,0,0,O povo pede! #NATALRN #manifestaÃ§Ã£o #trabalhadores #estudantes #greve #parada #OgiganteAcordou http://instagram.com/p/brnd3OCoAr/,Positivo,,,#NATALRN #manifestaÃ§Ã£o #trabalhadores #estudantes #greve #parada #OgiganteAcordou,"3,56E+17",https://twitter.com/obarbosabruno/status/355805757071032320,,,,,,,,
28967,7/4/13 22:04,mxzik,,0,0,0,#vemprarua https://fbcdn-sphotos-e-a.akamaihd.net/hphotos-ak-prn1/1017363_297937187010080_554653_n.jpg â€¦,Indefinido,,,#vemprarua,"3,53E+17",https://twitter.com/mxzik/status/352910711153885184,,,,,,,,
2678,7/26/13 19:56,daiane89andrade,,0,0,0,#ForÃ§aRJ #ComoSeFossemos1 #TodosUnidos #MovaSe #JuntoEMisturado #ProtestoNaoPara #VemPraRua #Anonymous,Indefinido,,,#ForÃ§aRJ #ComoSeFossemos1 #TodosUnidos #MovaSe #JuntoEMisturado #ProtestoNaoPara #VemPraRua #Anonymous,"3,61E+17",https://twitter.com/daiane89andrade/status/360851191946674178,,,,,,,,
11506,7/17/13 1:15,RRD_RE,,0,0,0,"JC: ApÃ³s polÃªmica,Eduardo assina decreto que obriga detalhar informaÃ§Ãµes de voos na web http://goo.gl/8kUAB via @jc_pe #VemPraRua #Brasil",Neutro,,@jc_pe,#VemPraRua #Brasil,"3,57E+17",https://twitter.com/RRD_RE/status/357307629174923264,,,,,,,,
54154,7/5/13 23:34,brasil_thais,,0,0,0,Policiais em SP espancam manifestante http://www.revistainternet.com.br/2013/07/04/policiais-em-sp-espancam-menina-sem-saber-que-estavam-sendo-filmados/ â€¦ #indignada E os comentÃ¡rios? culpavilizando a vÃ­tima? #machismo #mudabrasil,Negativo,,,#indignada #machismo #mudabrasil,"3,53E+17",https://twitter.com/brasil_thais/status/353295886647959554,,,,,,,,
57505,7/1/13 23:46,MarivoneLula,,1,1,0,"@jardelgomes Boa noite sobrinho, estou com dificuldade de enviar TT SerÃ¡ que serei bloqueada ""sem motivos""? #Protesto ..kkk",Indefinido,,@jardelgomes,#Protesto,"3,52E+17",https://twitter.com/MarivoneLula/status/351849360591556608,,,,,,,,
20956,7/10/13 15:33,andretokarski,BlogdoMiro,0,1,0,â€œ @BlogdoMiro: #VemPraRua contra a espionagem dos EUA. Do sÃ­tio da UJS -- http://altamiroborges.blogspot.com/2013/07/vemprarua-contra-espionagem-dos-eua.html?spref=tw â€¦â€,Positivo,,@BlogdoMiro,#VemPraRua,"3,55E+17",https://twitter.com/andretokarski/status/354986679846707201,,,,,,,,
6750,7/22/13 17:35,JovensLutadores,,0,0,0,A vitÃ³ria estÃ¡ prÃ³xima! Protestos hoje PalÃ¡cio da Guanabara Rio de Janeiro todos juntos #VemPraRua #BRASIL https://twitter.com/g1/status/359362051954597888/photo/1pic.twitter.com/UPdABfdkDA via @g1,Positivo,,@g1,#VemPraRua #BRASIL,"3,59E+17",https://twitter.com/JovensLutadores/status/359366100510720000,,,,,,,,
51226,7/11/13 19:20,papo_reto1,,0,0,0,Contra o monopolio na midia PROTESTO hj - 17hrs na GLOBO #Greve #OcupeAmidia #protesto http://donosdamidia.com.br http://ow.ly/mQUBj,Positivo,,,#Greve #OcupeAmidia #protesto,"3,55E+17",https://twitter.com/papo_reto1/status/355406291230916608,,,,,,,,
52295,7/10/13 16:58,reminiscences,,0,1,0,"Plebiscito morreu e a Dilma BARRAQUEIRA fazendo birra...Bem Feito!!! Quer mandar em todo mundo, vai acabar sendo mandada embora! #foradilma",Negativo,,,#foradilma,"3,55E+17",https://twitter.com/reminiscences/status/355008074337107969,,,,,,,,
55067,7/4/13 23:24,CASSIOMACHADO2,joseserra_,0,1,0,@joseserra_ #Foradilma #Foracabral #Brasilsempoliticos #Governantesserios,Indefinido,,@joseserra_,#Foradilma #Foracabral #Brasilsempoliticos #Governantesserios,"3,53E+17",https://twitter.com/CASSIOMACHADO2/status/352931047413006339,,,,,,,,
33268,7/2/13 23:53,marcelinoccl,,0,1,0,"Pra mudar o Brasil, vamos mudar de dentro pra fora: http://youtu.be/uK9edrUBUpQ #VemPraRua #MichaelJackson",Positivo,,,#VemPraRua #MichaelJackson,"3,52E+17",https://twitter.com/marcelinoccl/status/352213417903407104,,,,,,,,
7784,7/20/13 22:56,NeokLucena,,0,0,0,#oGiganteAcordou http://fb.me/1KtqL1lRl,Indefinido,,,#oGiganteAcordou,"3,59E+17",https://twitter.com/NeokLucena/status/358722114288750593,,,,,,,,
58521,7/1/13 2:37,arcofi,,0,2,0,"#foraDilma OuÃ§am dep. do PT querendo aumentar imposto. "" Temos Ã© que aumentar mais e mais os impostos . http://youtu.be/nzYyV5jRIK8 via @youtube",Neutro,,@youtube,#foraDilma,"3,52E+17",https://twitter.com/arcofi/status/351529981681217537,,,,,,,,
16091,7/12/13 2:46,Parana2014,,0,0,0,"Protesto hoje 11/07/2013, tudo parou #GreveGeral #BaixaFruet #Curitiba #ForaFruet #VemPraRua https://www.facebook.com/photo.php?fbid=680973898584444&set=a.160225540659285.36636.100000155202328&type=1&relevant_count=1 â€¦ @BetoRicha @rossoni",Neutro,,@BetoRicha @rossoni,#GreveGeral #BaixaFruet #Curitiba #ForaFruet #VemPraRua,"3,56E+17",https://twitter.com/Parana2014/status/355518458034782208,,,,,,,,
53301,7/8/13 19:15,SMCBalakrishnan,,0,0,0,Is #Brazil preparing for the biggest football event ever? Or the biggest #protest ever? http://bit.ly/183qiVw #mudabrasil,Positivo,,,#Brazil #protest #mudabrasil,"3,54E+17",https://twitter.com/SMCBalakrishnan/status/354317909696315393,,,,,,,,
26063,7/6/13 14:21,poa_cruel_news,,0,0,0,ALIENAÃ‡ÃƒO: MÃ­dia Corporativa (PIG) e Governos Chamam de EducaÃ§Ã£o a RobotizaÃ§Ã£o dos NeurÃ´nios p/ Linhas de ProduÃ§Ã£o no Brazil #Vemprarua Flip,Indefinido,,,#Vemprarua,"3,54E+17",https://twitter.com/poa_cruel_news/status/353519160380243969,,,,,,,,
40167,7/31/13 20:15,neydux17,,0,0,0,#aliga - 30/07 Papa no Brasil Parte 1 -CazÃ© acompanha protesto contra governador do RJ | A Liga http://aliga.band.uol.com.br/episodio.asp?e=100000618403 â€¦ #protesto #religiÃ£o,Neutro,,,#aliga #protesto #religiÃ£o,"3,63E+17",https://twitter.com/neydux17/status/362667854476222464,,,,,,,,
6136,7/23/13 1:02,keerooliinsp,,0,0,0,@0bobs #VempraRua hudsahudsa,Neutro,,@0bobs,#VempraRua,"3,59E+17",https://twitter.com/keerooliinsp/status/359478674237554691,,,,,,,,
46616,7/19/13 1:42,BFR_DINHO_RJ,,0,1,0,"O ExÃ©rcito saiu na frente,proibiu mascarados na JMJ,pq atÃ© agora num fizeram isso nesses tais PROTESTOS/ATO POLÃTICO? #protestorj",Negativo,,,#protestorj,"3,58E+17",https://twitter.com/BFR_DINHO_RJ/status/358039231249125376,,,,,,,,
1441,7/28/13 23:29,MessiFansBrasil,,0,0,0,BOSTA-FOGO AKI Ã‰ FLAMENGO PORRA #oGiganteAcordou,Negativo,,,#oGiganteAcordou,"3,62E+17",https://twitter.com/MessiFansBrasil/status/361629557004042241,,,,,,,,
35982,7/1/13 23:42,Psicotwirapia,,0,1,0,"Poder pÃºblico tem que ser fiscalizado e criticado, em qualquer lugar do mundo. #vemprarua #mudaBrasil",Positivo,,,#vemprarua #mudaBrasil,"3,52E+17",https://twitter.com/Psicotwirapia/status/351848248564129793,,,,,,,,
14700,7/13/13 1:44,daniminu,,2,0,0,"Leio ""base aliada"" e a 1a imagem que me vem a mente eh a do programa de maquiagem da @Petiscos no gnt #politizadona #ogiganteacordou",Indefinido,,@Petiscos,#politizadona #ogiganteacordou,"3,56E+17",https://twitter.com/daniminu/status/355865159861940225,,,,,,,,
2195,7/27/13 5:06,VemPraRuaAju,,0,2,0,A mÃ­dia consegue fazer c/ as pessoas tenham pena do patrimÃ´nio privado depredado e esquececerem da depredaÃ§Ã£o dos cofres pÃºblicos #VemPraRua,Negativo,,,#VemPraRua,"3,61E+17",https://twitter.com/VemPraRuaAju/status/360989453440913408,,,,,,,,
12801,7/15/13 19:44,lazarocwb,,0,0,0,#vemprarua http://fb.me/2uSfQqUtw,Indefinido,,,#vemprarua,"3,57E+17",https://twitter.com/lazarocwb/status/356861731068321792,,,,,,,,
38359,7/1/13 4:09,oan_max_ik,,0,1,0,Maxikoan - Cosmic abyss http://razzendresss.blogspot.com/2013/06/maxikoan-cosmic-abyss.html?spref=tw â€¦ áƒ¥áƒáƒ áƒ—áƒ£áƒšáƒ˜ í•œêµ­ì–´ à´®à´²à´¯à´¾à´³à´‚ Snowden é¦™æ¸¯ turnup NYT Prism #ProtestoRJ #Vemprarua #Avaliando MaracanÃ£,Indefinido,,,#ProtestoRJ #Vemprarua #Avaliando,"3,52E+17",https://twitter.com/oan_max_ik/status/351553206695890947,,,,,,,,
29568,7/4/13 16:12,rafaknas,,0,1,0,"E hj ainda tem protesto pela #TarifaZero em FlorianÃ³polis, Ã s 16 horas, saindo do TICEN. #VemPraRua #FloripaNaRua http://www.facebook.com/events/402825873159358/ â€¦",Positivo,,,#TarifaZero #VemPraRua #FloripaNaRua,"3,53E+17",https://twitter.com/rafaknas/status/352822116476919809,,,,,,,,
49574,7/14/13 14:07,brunofalcao10,,0,0,0,Olha nÃ³s aqui outra vez. #protestorj,Positivo,,,#protestorj,"3,56E+17",https://twitter.com/brunofalcao10/status/356414740379078656,,,,,,,,
33582,7/2/13 21:23,amanteguilherme,,0,0,0,Protesto dia 01/07/2013 CriciÃºma - #vempraruacriciuma #vemprarua #criciuma http://instagram.com/p/bR0umcr2KD/,Neutro,,,#vempraruacriciuma #vemprarua #criciuma,"3,52E+17",https://twitter.com/amanteguilherme/status/352175770006847488,,,,,,,,
7484,7/21/13 18:09,legendofzelda99,,0,0,0,#MTVHottest ke$ha #Acordabrasil #FORACOLLOR,Indefinido,,,#MTVHottest #Acordabrasil #FORACOLLOR,"3,59E+17",https://twitter.com/legendofzelda99/status/359012356833026048,,,,,,,,
16722,7/11/13 21:35,snowhitekatyy,lermaniacs,1,0,0,@fuckl3rman #orgulhodeserbrasileiro #VempraRua,Indefinido,,@fuckl3rman,#orgulhodeserbrasileiro #VempraRua,"3,55E+17",https://twitter.com/snowhitekatyy/status/355440269686095873,,,,,,,,
32725,7/3/13 5:31,Poder_ao_povo,,0,0,0,AS CINCO CAUSAS: NÂº2 - Fora Renan! #FORARENAN #VemPraRua pic.twitter.com/nB8BwZHnUN,Negativo,,,#FORARENAN #VemPraRua,"3,52E+17",https://twitter.com/Poder_ao_povo/status/352298430699286528,,,,,,,,
4499,7/24/13 20:26,ragiabib,,0,0,0,"Hoje, nÃ£o vi ninguÃ©m falando #VemPraRua...",Neutro,,,#VemPraRua,"3,60E+17",https://twitter.com/ragiabib/status/360133920362201088,,,,,,,,
5816,7/23/13 11:57,wmybseles,,0,1,0,V' mORRENDO! HBDIBDKVYIVEIFETHET #vemprarua paulistas,Neutro,,,#vemprarua,"3,60E+17",https://twitter.com/wmybseles/status/359643374799691777,,,,,,,,
34632,7/2/13 14:28,Luanmemandaumoi,,0,0,0,#vemprarua #semvandalismo http://instagram.com/p/bRFUd1klkW/,Indefinido,,,#vemprarua #semvandalismo,"3,52E+17",https://twitter.com/Luanmemandaumoi/status/352071348702560259,,,,,,,,
56795,7/2/13 20:15,linguadesogra,,0,0,0,VoluntÃ¡rios da Fifa se surpreendem com apoio mundial apÃ³s protestos no MaracanÃ£ http://migre.me/fhC08 #ProtestoRJ #ProtestoBR,Neutro,,,#ProtestoRJ #ProtestoBR,"3,52E+17",https://twitter.com/linguadesogra/status/352158607158157315,,,,,,,,
14882,7/12/13 23:00,AndrewNasc,,0,1,0,Eh seus pu*** DifÃ­cil entender!..vcs deveriam depender do sistema publico! #vemprarua http://fb.me/28lZsbeUn,Negativo,,,#vemprarua,"3,56E+17",https://twitter.com/AndrewNasc/status/355823887143018498,,,,,,,,
47228,7/18/13 3:08,globomente,,0,1,0,"AlÃ©m de @MarceloTas, o global casseta @lapena apÃ³ia as manifestaÃ§Ãµes no Leblon. SerÃ¡ que tb apÃ³ia a depredaÃ§Ã£o da Globo? #protestorj",Negativo,,@MarceloTas @lapena,#protestorj,"3,58E+17",https://twitter.com/globomente/status/357698287068917760,,,,,,,,
52534,7/10/13 2:13,veravaia2,Val_Ce1,1,0,0,â€œ @Val_Ce1: @veravaia2 Ela sÃ³ emPACa o Brazeuuuuâ€// Mas nao emplaca mais! #foradilma,Negativo,,@Val_Ce1 @veravaia2,#foradilma,"3,55E+17",https://twitter.com/veravaia2/status/354785486553890816,,,,,,,,
1505,7/28/13 21:09,kelvimReis,,0,1,0,#VempraRua galinhada,Neutro,,,#VempraRua,"3,62E+17",https://twitter.com/kelvimReis/status/361594262325968896,,,,,,,,
23031,7/9/13 11:44,re_cardoso28,,0,0,0,Acabei de ver o vÃ­deo da dicico. ParabÃ©ns #rodrigo. devemos fazer o mesmo quando somos enganados nosupermercado. @paodeacucar #AcordaBrasil,Positivo,,@paodeacucar,#rodrigo #AcordaBrasil,"3,55E+17",https://twitter.com/re_cardoso28/status/354566824215592961,,,,,,,,
16338,7/12/13 0:13,henriquebarbosa,,0,0,0,"""For my future"" #changebrazil #protestorj #vemprarua http://instagram.com/p/bpTSh2rB7C/",Positivo,,,#changebrazil #protestorj #vemprarua,"3,55E+17",https://twitter.com/henriquebarbosa/status/355479905414283264,,,,,,,,
21681,7/10/13 1:08,jusvieirajr,,0,0,0,"""Senado rejeita proposta que reduz de dois para um o nÃºmero de suplentes. http://migre.me/foAXN "" Se liga Brasil! #vemprarua #protestobr",Neutro,,,#vemprarua #protestobr,"3,55E+17",https://twitter.com/jusvieirajr/status/354769177468346368,,,,,,,,
35311,7/2/13 4:20,ChristianCruz49,,0,0,0,Esse mÃºsica vai marcar geraÃ§Ãµes... Vai ser lembrada durante muito tempo #VemPraRua... #ORappa http://fb.me/2TGY51Z5q,Neutro,,,#VemPraRua #ORappa,"3,52E+17",https://twitter.com/ChristianCruz49/status/351918241154736129,,,,,,,,
49816,7/13/13 18:35,profgera,,0,0,0,#ForaDilma #ForaLula #BrasilSemPT O poder nÃ£o muda as pessoas. SÃ³ revela quem elas sÃ£o verdadeiramente.,Positivo,,,#ForaDilma #ForaLula #BrasilSemPT,"3,56E+17",https://twitter.com/profgera/status/356119625378967552,,,,,,,,
34918,7/2/13 12:31,wesleiradavelli,,0,1,0,#VemPraRua http://fb.me/wTHjHNrV,Indefinido,,,#VemPraRua,"3,52E+17",https://twitter.com/wesleiradavelli/status/352041840108765184,,,,,,,,
54624,7/5/13 10:39,Lilian_Almeida,,0,0,0,"E vai ter sessÃ£o com votaÃ§Ã£o no Senado , hoje ??? Ã‰ , quem tem .. tem medo . #MudaBrasil",Negativo,,,#MudaBrasil,"3,53E+17",https://twitter.com/Lilian_Almeida/status/353100866506596352,,,,,,,,
4141,7/25/13 3:48,luciosilveira,,0,0,0,kkkkk #ForaDilma #CalaABocaDilma #VEMPRARUA #GreveDosCaminhoneiros #ForaForoSÃ£oPaulo #GreveGeral... http://fb.me/1NMqfHwX1,Indefinido,,,#ForaDilma #CalaABocaDilma #VEMPRARUA #GreveDosCaminhoneiros #ForaForoSÃ£oPaulo #GreveGeral,"3,60E+17",https://twitter.com/luciosilveira/status/360245033078755328,,,,,,,,
21261,7/10/13 12:04,marcosEsales,,0,0,0,#AcordaBrasil #OpanelaÃ§o http://fb.me/21JIBS2YW,Indefinido,,,#AcordaBrasil #OpanelaÃ§o,"3,55E+17",https://twitter.com/marcosEsales/status/354934215323811840,,,,,,,,
24944,7/7/13 7:35,DenysJau,erickgil30,0,0,0,@erickgil30 To respeitando igual ele respeitou o Demian Maia... #AcordaBrasil,Indefinido,,@erickgil30,#AcordaBrasil,"3,54E+17",https://twitter.com/DenysJau/status/353779343375343616,,,,,,,,
9927,7/18/13 14:31,dgigialira,,0,0,0,"Se nÃ£o houver um barulho diferente , eles nem ligam como nas manifestaÃ§Ãµes dos professores , policias, bombeiros. #vemprarua",Positivo,,,#vemprarua,"3,58E+17",https://twitter.com/dgigialira/status/357870147874197504,,,,,,,,
13964,7/14/13 1:01,Iriscorelli,,1,3,0,#VempraRua (cc @__JuhDantas @jeef_silva @Taatameneses @meneses_matheus @Gililianfelix @pedroafco @wfcosp @juufazzio @andreiacercar w/orhers),Indefinido,,@__JuhDantas @jeef_silva @Taatameneses @meneses_matheus @Gililianfelix @pedroafco @wfcosp @juufazzio @andreiacercar,#VempraRua,"3,56E+17",https://twitter.com/Iriscorelli/status/356216740679659522,,,,,,,,
24070,7/8/13 4:59,larlacemos,,0,1,0,O wilmer nÃ£o tem nada a ver quem foi escrota foi a demi #oslovaticsacordaram #mudademi #vemprarua,Indefinido,,,#oslovaticsacordaram #mudademi #vemprarua,"3,54E+17",https://twitter.com/larlacemos/status/354102295430049792,,,,,,,,
37361,7/1/13 15:50,andrii_j,,0,0,0,Top a manifestaÃ§Ã£o do coc :p #vemprarua,Positivo,,,#vemprarua,"3,52E+17",https://twitter.com/andrii_j/status/351729457612079104,,,,,,,,
23470,7/8/13 23:24,anthoniomoura,,0,0,0,Ã‰ VERDAAAAAADE!!!!!!!!!! #ForaCorruptos #OgiganteAcordou #LiberaTelexfree http://fb.me/1SwG6Y4Uo,Positivo,,,#ForaCorruptos #OgiganteAcordou #LiberaTelexfree,"3,54E+17",https://twitter.com/anthoniomoura/status/354380533570080768,,,,,,,,
6896,7/22/13 16:40,moke_rs,,0,1,0,#VemPraRua com esse frio?? TÃ£o loucos..,Neutro,,,#VemPraRua,"3,59E+17",https://twitter.com/moke_rs/status/359352301611646976,,,,,,,,
24566,7/7/13 18:44,CleitoMoura,,0,1,0,"Professores da Uerj fazem protesto prÃ³ximo Ã  casa de SÃ©rgio Cabral, Rio. #VemPraRua",Neutro,,,#VemPraRua,"3,54E+17",https://twitter.com/CleitoMoura/status/353947599411224577,,,,,,,,
29348,7/4/13 18:08,naianasantosven,,0,0,0,"Do total da produÃ§Ã£o os royalties para o Brasil Ã© sÃ³ 8% ou seja estamos feliz com 0,7 e 0,3 para educaÃ§Ã£o e saude #acordabrasil",Negativo,,,#acordabrasil,"3,53E+17",https://twitter.com/naianasantosven/status/352851357163720704,,,,,,,,
4399,7/24/13 22:55,lragostinho,,0,1,0,Quero ver o #VemPraRua agora com esse frio!,Neutro,,,#VemPraRua,"3,60E+17",https://twitter.com/lragostinho/status/360171458753859584,,,,,,,,
30539,7/4/13 1:11,ari_cristiano,,1,7,0,"Governo Dilma torrou com o @G1 (Grupo @Rede_Globo ) R$7.752.803,12 em 2012 http://noticias.uol.com.br/politica/ultimas-noticias/2013/07/03/governo-beneficia-sites-progressistas-na-distribuicao-de-verbas.htm â€¦ #Vemprarua",Negativo,,@G1 @Rede_Globo,#Vemprarua,"3,53E+17",https://twitter.com/ari_cristiano/status/352595365410779137,,,,,,,,
2541,7/26/13 22:26,Comando_SP,,0,0,0,"ManifestaÃ§Ã£o bloqueando a Av. Paulista sentido Paraiso, altura da Brig Luis Antonio, evitem regiÃ£o nesse momento. #ProtestoSP #vemprarua",Neutro,,,#ProtestoSP #vemprarua,"3,61E+17",https://twitter.com/Comando_SP/status/360888769865449472,,,,,,,,
41830,7/27/13 1:09,CharSanFel,,0,0,0,#protestorj http://mob.li/_63kA6,Indefinido,,,#protestorj,"3,61E+17",https://twitter.com/CharSanFel/status/360929835712913410,,,,,,,,
13759,7/14/13 12:00,_cafeguru,,0,0,0,Bem vindos a Copa das ManifestaÃ§Ãµes! Curta http://www.facebook.com/CafÃ©Guru.com.br #VemPraRua... http://fb.me/FguWAvD5,Indefinido,,,#VemPraRua,"3,56E+17",https://twitter.com/_cafeguru/status/356382612677337090,,,,,,,,
17237,7/11/13 18:12,tebenas,,0,2,0,"""A imprensa deu as costas para as ruas e sÃ³ enxerga o jogo do poder"" http://j.mp/157Hl6b v @observatorio #vemprarua #protestosbr",Neutro,,@observatorio,#vemprarua #protestosbr,"3,55E+17",https://twitter.com/tebenas/status/355389155800391681,,,,,,,,
12565,7/16/13 0:14,mariana_abdalla,,0,0,0,protesto em ny #ogiganteacordou,Neutro,,,#ogiganteacordou,"3,57E+17",https://twitter.com/mariana_abdalla/status/356929804165066752,,,,,,,,
50146,7/12/13 20:25,guileao75,TrensUrbanosRJ,0,0,0,@TrensUrbanosRJ @phadrs Isso nao Ã© nenhuma novidade! @SuperVia_trens sua hora vai chegar #protestorj,Negativo,,@TrensUrbanosRJ @phadrs @SuperVia_trens,#protestorj,"3,56E+17",https://twitter.com/guileao75/status/355785113826639872,,,,,,,,
2784,7/26/13 18:04,BRverdade,,0,0,0,O imposto estadual ICMS Ã© o que mais pesa para os brasileiros. Confira: http://ow.ly/nmnqv #CompartilheAVerdade #AcordaBrasil,Neutro,,,#CompartilheAVerdade #AcordaBrasil,"3,61E+17",https://twitter.com/BRverdade/status/360822864317906945,,,,,,,,
19028,7/11/13 10:06,Sangue_Latino,,0,1,0,"#VemPraRua! #RTâ–º @carlos5to Protestos em SÃ£o Paulo no ""Dia Nacional de Lutas"" http://g1.globo.com/sao-paulo/protestos/2013/cobertura/ â€¦ â€¦",Neutro,,@carlos5to,#VemPraRua #RT,"3,55E+17",https://twitter.com/Sangue_Latino/status/355266813149454337,,,,,,,,
2692,7/26/13 19:43,whosneville,,0,0,0,#VemPraRua temos nossos direitos e queremos usar icons de famosos,Positivo,,,#VemPraRua,"3,61E+17",https://twitter.com/whosneville/status/360847980636540928,,,,,,,,
20974,7/10/13 15:24,MalokitaGC,,0,2,1,#corrupÃ§Ã£o #vemprarua Bota p/ f*! o #Senado estÃ¡ pastando p/ vc! http://noticias.r7.com/brasil/senado-nao-aprova-proposta-que-reduz-de-dois-para-um-o-numero-de-suplentes-de-senadores-10072013 â€¦,Negativo,,,#corrupÃ§Ã£o #vemprarua #Senado,"3,55E+17",https://twitter.com/MalokitaGC/status/354984504420597760,,,,,,,,
14352,7/13/13 16:41,CerberusBr,,0,1,0,#vemprarua pessoal nÃ£o esqueÃ§am do nossos amigos no egito. as redes deles foram bloqueadas vamos fazer um link para eles no twitter.,Positivo,,,#vemprarua,"3,56E+17",https://twitter.com/CerberusBr/status/356091145526317056,,,,,,,,
38280,7/1/13 4:57,Netozboss,baescudero_,0,0,0,@bavemk_ kkkk ok #vemprarua #saveyour3g,Neutro,,@bavemk_,#vemprarua #saveyour3g,"3,52E+17",https://twitter.com/Netozboss/status/351565090316750848,,,,,,,,
25484,7/6/13 22:57,ndwadgow,,0,0,0,#AcordaBrasil Parem de pensar somente em beisebol,Indefinido,,,#AcordaBrasil,"3,54E+17",https://twitter.com/ndwadgow/status/353648939016265728,,,,,,,,
47817,7/17/13 19:46,FranciscoACruz,JorgeRibeiroSE,0,0,0,@JorgeRibeiroSE @UOLNoticias Principalmente porque a NEFASTA estÃ¡ comprometida com a corrupÃ§Ã£o #ForaDilma,Negativo,,@JorgeRibeiroSE @UOLNoticias,#ForaDilma,"3,58E+17",https://twitter.com/FranciscoACruz/status/357587053162147840,,,,,,,,
54753,7/5/13 3:18,annielus,,0,0,0,Bora todo mundo subir uma hashtag pro Protesto no Rio #protestoRJ ( #postv live em http://moi.st/e5528a ),Positivo,,,#protestoRJ #postv,"3,53E+17",https://twitter.com/annielus/status/352989858727337986,,,,,,,,
43024,7/25/13 22:14,aciolilopes,,0,0,0,a identificaÃ§Ã£o ta no colete babaca ( #protestorj #aovivo Live http://moi.st/f5edcd ),Negativo,,,#protestorj #aovivo,"3,61E+17",https://twitter.com/aciolilopes/status/360523447870296066,,,,,,,,
21092,7/10/13 14:16,venusaquario,,0,0,0,Congresso Ãˆ preciso entender d construir pra revolucionar http://doqueteumundoefeito.blogspot.com.br/ #vemprarua #mudabrasil #acordabrasil O Brasil Senado,Neutro,,,#vemprarua #mudabrasil #acordabrasil,"3,55E+17",https://twitter.com/venusaquario/status/354967397465194500,,,,,,,,
33636,7/2/13 20:59,rosangela_bolze,,1,1,0,"TOMA, @cristilobo PETRALHA! Manifestantes hostilizam jornalistas da Globo em Londres: http://www.youtube.com/watch?v=tMcMjWEWnys&feature=youtube_gdata_player â€¦ â€¦ #vemprarua #ChangeBrazil",Negativo,,@cristilobo,#vemprarua #ChangeBrazil,"3,52E+17",https://twitter.com/rosangela_bolze/status/352169562197856256,,,,,,,,
18227,7/11/13 14:47,grazzsie,,0,0,0,#11deJulho #VemPraRua #ParalisaGeral Fiquem ligados nem todos os atos de amanhÃ£ terÃ£o o dedo de partidos! http://twitpic.com/d1ysq5,Positivo,,,#11deJulho #VemPraRua #ParalisaGeral,"3,55E+17",https://twitter.com/grazzsie/status/355337664456695809,,,,,,,,
39133,7/1/13 0:54,mgmolive,,0,0,0,"E a Copa das ManifestaÃ§Ãµes, como vai? #ProtestosBR #VaiBrasil #VemPraRua #ConstruirUmPais",Neutro,,,#ProtestosBR #VaiBrasil #VemPraRua #ConstruirUmPais,"3,52E+17",https://twitter.com/mgmolive/status/351504078704091138,,,,,,,,
32354,7/3/13 13:22,republicanova,,0,0,0,pic.twitter.com/ce79mBwH8L #vemprarua #changebrazil. veja + em http://goo.gl/pKMPR .,Neutro,,,#vemprarua #changebrazil,"3,52E+17",https://twitter.com/republicanova/status/352417174192795649,,,,,,,,
11274,7/17/13 8:47,rmfabio,,0,1,0,@eduardobarao Parece q o #prefeito #PaesPalho quer se #confessar com o #Papa. #Deus perdoa! E vc?? #VemPraRua,Neutro,,@eduardobarao,#prefeito #PaesPalho #confessar #Papa #Deus #VemPraRua,"3,57E+17",https://twitter.com/rmfabio/status/357421173434368000,,,,,,,,
24547,7/7/13 19:15,republicanova,,0,0,0,pic.twitter.com/j8fT5SPIsK #vemprarua #changebrazil. veja + em http://goo.gl/pKMPR .,Neutro,,,#vemprarua #changebrazil,"3,54E+17",https://twitter.com/republicanova/status/353955494890704900,,,,,,,,
2176,7/27/13 6:41,Rokord,,0,1,0,GENTEM eu to com sono essa hora?!?!? #VEMPRARUA #oGiganteAcordou #BRASILNAOEBOBO,Neutro,,,#VEMPRARUA #oGiganteAcordou #BRASILNAOEBOBO,"3,61E+17",https://twitter.com/Rokord/status/361013358939484162,,,,,,,,
32663,7/3/13 7:41,galdea,,0,0,0,#vemprarua porque a rua Ã© o maior banheiro de Salvador... #largodesantana #largodadinha #riovermelhoâ€¦ http://instagram.com/p/bS6q77PScm/,Positivo,,,#vemprarua #largodesantana #largodadinha #riovermelho,"3,52E+17",https://twitter.com/galdea/status/352331218806767616,,,,,,,,
36715,7/1/13 19:39,Greemboldt,,0,0,0,#Excelente #ficaadica #compartilhe #siga #ogiganteacordou #vemprarua http://instagram.com/p/bPECH8NhoS/,Indefinido,,,#Excelente #ficaadica #compartilhe #siga #ogiganteacordou #vemprarua,"3,52E+17",https://twitter.com/Greemboldt/status/351787038607032320,,,,,,,,
13808,7/14/13 6:04,jjeiel,,0,0,1,"Que vai ser da minha vida? Meu Deus ele era tudo pra mim vou me cortar, me jogar da ponte , vou parar o Brt #VempraRua #AcordaBrasil",Negativo,,,#VempraRua #AcordaBrasil,"3,56E+17",https://twitter.com/jjeiel/status/356293009115070464,,,,,,,,
34949,7/2/13 12:13,Pew3X,,0,0,0,movimento #VitroDorme em resposta ao #oGiganteAcordou,Indefinido,,,#VitroDorme #oGiganteAcordou,"3,52E+17",https://twitter.com/Pew3X/status/352037192505376769,,,,,,,,
59572,7/12/13 15:11,pachomiranda,,0,0,0,"Â¿Por quÃ© no hay #mobilizados como #protestabrasil? Ellos salen de todos colores a las calles, nosotros vemos manifestantes como criminales.",Negativo,,,#mobilizados #protestabrasil,"3,56E+17",https://twitter.com/pachomiranda/status/355706091918721026,,,,,,,,
15760,7/12/13 14:25,albericofalcao,robertojamorim,0,0,0,"â€œ @robertojamorim: O melhor do engarrafamento na BR sÃ£o os ""educados"" pelo acostamento. #VempraRua #Educacaoâ€ eu tbem fico p da vida.",Negativo,,@robertojamorim,#VempraRua #Educacao,"3,56E+17",https://twitter.com/albericofalcao/status/355694386027311105,,,,,,,,
8604,7/19/13 19:37,Rushiano,,0,0,0,"Come to Brazil, @amandapalmer! http://www.youtube.com/watch?v=22EpHJkYuUo â€¦ #WeWantToBeNakedWithYou #VemPraRua #SOS #BringStoya #AndGaimanToo",Neutro,,@amandapalmer,#WeWantToBeNakedWithYou #VemPraRua #SOS #BringStoya #AndGaimanToo,"3,58E+17",https://twitter.com/Rushiano/status/358309680918962176,,,,,,,,
42888,7/25/13 23:32,__Waldoo__,,0,0,0,"TA CHEGANDO A HORA DO GÃS ( #protestorj #aovivo live em http://moi.st/f5f22c | 428 Espectadores / Total 974, 22:06 )",Positivo,,,#protestorj #aovivo,"3,61E+17",https://twitter.com/__Waldoo__/status/360543139267747840,,,,,,,,
16708,7/11/13 21:38,lermaniacs,snowhitekatyy,1,0,0,"@snowhitekatyy que dÃ³ nÃ£o podemos falar "" #vemprarua"" e se um mendigo ouvir? tsc tsc",Neutro,,@snowhitekatyy,#vemprarua,"3,55E+17",https://twitter.com/lermaniacs/status/355441039739326466,,,,,,,,
8347,7/20/13 1:21,BlogDoTato67,N_Carvalheira,0,1,0,"RT (temperando) ""@letraslimitadas Comeu, @BlogdoZeDirceu? pic.twitter.com/H2wZn1U70h"" #vemprarua #mudabrasil #MensaleirosNaCadeia #forapt",Indefinido,,@letraslimitadas @BlogdoZeDirceu,#vemprarua #mudabrasil #MensaleirosNaCadeia #forapt,"3,58E+17",https://twitter.com/BlogDoTato67/status/358396265274417152,,,,,,,,
21722,7/10/13 0:34,Viamidiadigital,,0,0,0,#ACORDABRASIL http://fb.me/2HrHzxaL5,Indefinido,,,#ACORDABRASIL,"3,55E+17",https://twitter.com/Viamidiadigital/status/354760517266579456,,,,,,,,
33296,7/2/13 23:43,RubensNeto12,,0,0,0,Eitaa que as manifestaÃ§Ãµes no Brasil nÃ£o param. Coisa boa! #vemPraRua,Positivo,,,#vemPraRua,"3,52E+17",https://twitter.com/RubensNeto12/status/352211030975315970,,,,,,,,
57444,7/2/13 0:49,cadeirantes_Br,,0,0,0,Nosso cÃ³digo penal tem 70 anos. #mudabrasil,Neutro,,,#mudabrasil,"3,52E+17",https://twitter.com/cadeirantes_Br/status/351865082524864512,,,,,,,,
26155,7/6/13 12:53,herberthmota,lmikaellafcreis,1,0,0,@lmikaellafcreis bom dia! #AcordaBrasil,Neutro,,@lmikaellafcreis,#AcordaBrasil,"3,53E+17",https://twitter.com/herberthmota/status/353496876189888513,,,,,,,,
50708,7/11/13 23:37,kurtizz01,,0,29,5,Tonight in in Rio de Janeiro #Brazil police point a taser at a demonstrator during protests #changebrazil #protestoRJ pic.twitter.com/egTd7MKRiL,Neutro,,,#Brazil #changebrazil #protestoRJ,"3,55E+17",https://twitter.com/kurtizz01/status/355470995861143553,,,,,,,,
969,7/30/13 0:55,analu_macedo,,0,0,0,"TOMAMOS conta dos tts meu povooooooooooooooo, HAHAHAHA #OGiganteAcordou geraÃ§Ã£o",Positivo,,,#OGiganteAcordou,"3,62E+17",https://twitter.com/analu_macedo/status/362013517525684224,,,,,,,,
55938,7/3/13 20:47,izidiooliver,,0,0,0,#MudaBrasil RT @HenriqueEAlves: Projeto que regulamenta guardas municipais poderÃ¡ ser votado em regime de urgÃªncia http://flic.kr/p/f2m9mJ,Neutro,,@HenriqueEAlves,#MudaBrasil,"3,53E+17",https://twitter.com/izidiooliver/status/352529108409921536,,,,,,,,
27581,7/5/13 13:57,LisComunello,,0,0,0,"#prostestoSC #protestosBR #passelivre RT @binahire: Motoristas e cobradores pararam o TICEN, Ã´nibus nÃ£o estÃ£o circulando.",Neutro,,@binahire,#prostestoSC #protestosBR #passelivre,"3,53E+17",https://twitter.com/LisComunello/status/353150755387088897,,,,,,,,
3346,7/26/13 1:15,jbsmg1,,0,1,0,#MovimentoCarasPintadas #Brasil #VemPraRua #Ogiganteacordou #NÃƒOaCorrupÃ§Ã£o #07deSetembro #NÃƒOÃ©SÃ³Por20centavos... http://fb.me/2e3gqDHkw,Indefinido,,,#MovimentoCarasPintadas #Brasil #VemPraRua #Ogiganteacordou #NÃƒOaCorrupÃ§Ã£o #07deSetembro #NÃƒOÃ©SÃ³Por20centavos,"3,61E+17",https://twitter.com/jbsmg1/status/360568976981491713,,,,,,,,
5596,7/23/13 15:38,tiofusca,,0,1,0,e aÃ­... quem vai protestar na rua nos proximos dias??? #vemPraRua #Frio #ironia,Neutro,,,#vemPraRua #Frio #ironia,"3,60E+17",https://twitter.com/tiofusca/status/359698931187322880,,,,,,,,
4834,7/24/13 5:16,marcosmoya18,PMERJ,0,0,0,"@PMERJ nÃ£o esclareceu porra nenhuma, vocÃªs vÃ£o ser culpados por tudo e o Cabral vai sair de santo #vemprarua #changebrazil",Negativo,,@PMERJ,#vemprarua #changebrazil,"3,60E+17",https://twitter.com/marcosmoya18/status/359904878094598145,,,,,,,,
10961,7/17/13 19:42,Praiadopepe,,1,1,0,#Vemprarua ver a excelente notÃ­cia >> http://oglobo.globo.com/saude/cromossomo-responsavel-pela-sindrome-de-down-desligado-em-laboratorio-9072321 â€¦,Neutro,,,#Vemprarua,"3,58E+17",https://twitter.com/Praiadopepe/status/357585997518749696,,,,,,,,
20202,7/10/13 18:56,svmuelr,,0,0,0,de pd #ogiganteacordou,Neutro,,,#ogiganteacordou,"3,55E+17",https://twitter.com/svmuelr/status/355037955074686977,,,,,,,,
59367,7/25/13 16:51,MANO_sts,,0,2,0,Acho foda quando a galera usa a hashtag errada pras coisas =/ #ForaFeliciano,Negativo,,,#ForaFeliciano,"3,60E+17",https://twitter.com/MANO_sts/status/360442310045081600,,,,,,,,
23963,7/8/13 13:07,arnobio1969,,0,2,0,A questÃ£o da espionagem tem a mesma raiz do #vemprarua --> EscÃ¢ndalo de Espionagem e o Estado Gotham City http://arnobiorocha.com.br/2013/07/08/escandalo-de-espionagem-e-o-estado-gotham-city/ â€¦,Neutro,,,#vemprarua,"3,54E+17",https://twitter.com/arnobio1969/status/354225112561631232,,,,,,,,
21464,7/10/13 4:08,oan_max_ik,,0,0,0,Maxikoan - Cosmic abyss http://razzendresss.blogspot.com/2013/06/maxikoan-cosmic-abyss.html?spref=tw â€¦ OlÃ­mpia #AFazenda Brazil fashion #vemprarua UK í•œêµ­ì–´ à´®à´²à´¯à´¾à´³à´‚ é¦™æ¸¯ #Snowden UFO Nasa E = mcÂ² XÂ²,Indefinido,,,#AFazenda #vemprarua #Snowden,"3,55E+17",https://twitter.com/oan_max_ik/status/354814458180276230,,,,,,,,
55141,7/4/13 22:24,arcofi,,0,0,0,#foraDilma #foraLula #foraPT Recuo de Temer: fracasso do â€œplebiscitoâ€ Ã© derrota durÃ­ssima para Dilma http://veja.abril.com.br/blog/ricardo-setti/politica-cia/protestos-fracasso-espetacular-do-plebiscito-imaginado-para-este-ano-e-derrota-durissima-para-dilma/#.UdX1e4OZRRo.twitter â€¦ via @VEJA,Neutro,,@VEJA,#foraDilma #foraLula #foraPT #,"3,53E+17",https://twitter.com/arcofi/status/352915850661085187,,,,,,,,
40812,7/28/13 22:29,DeniseSMora,,0,4,0,"Bom, acabou nossa semana de oraÃ§Ãµes, agora vamos pra luta #ForaDilma",Positivo,,,#ForaDilma,"3,62E+17",https://twitter.com/DeniseSMora/status/361614394179858432,,,,,,,,
4379,7/24/13 23:14,Brunadelucena,,0,1,0,Bora manifestar contra o frio? #vemprarua,Positivo,,,#vemprarua,"3,60E+17",https://twitter.com/Brunadelucena/status/360176124585713666,,,,,,,,
47443,7/18/13 0:52,PrateleiraD,,0,0,0,O Choque jÃ¡ estÃ¡ posicionado no PalÃ¡cio Guanabara http://migre.me/fwfXx #ProtestoRJ,Neutro,,,#ProtestoRJ,"3,58E+17",https://twitter.com/PrateleiraD/status/357664253903253506,,,,,,,,
59690,7/8/13 21:27,loricaaa,,0,1,0,Pfv! #forafeliciano http://instagram.com/p/bhSDAKGNAx/,Positivo,,,#forafeliciano,"3,54E+17",https://twitter.com/loricaaa/status/354351026347839488,,,,,,,,
7519,7/21/13 16:07,paulo_rcl,,0,0,0,"Gata, me chama de rua e vem pra mim #vemprarua",Indefinido,,,#vemprarua,"3,59E+17",https://twitter.com/paulo_rcl/status/358981531919843328,,,,,,,,
53665,7/7/13 12:20,c_kryz,,0,0,0,Un perro No debe crecer en un Aparador... [â€¢â€¢]_/ #protesto #CerremosMakotaMexico,Indefinido,,,#protesto #CerremosMakotaMexico,"3,54E+17",https://twitter.com/c_kryz/status/353851114631864320,,,,,,,,
8394,7/20/13 0:26,EmanuelDavid_,,0,0,0,#vemprarua #ogiganteacordou #defcon4 A louÃ§a ela nÃ£o pode ser mais quebrada dessa forma. @rochaneeto @fabiiomacedo @estamortomorreu,Indefinido,,@rochaneeto @fabiiomacedo @estamortomorreu,#vemprarua #ogiganteacordou #defcon4,"3,58E+17",https://twitter.com/EmanuelDavid_/status/358382276544954369,,,,,,,,
15793,7/12/13 13:45,jecmanaus,,0,1,0,#foracabral #vemprarua Quantos policiais foram presos ontem em Laranjeiras por abuso de poder e excesso de violÃªncia!!!???,Negativo,,,#foracabral #vemprarua,"3,56E+17",https://twitter.com/jecmanaus/status/355684367143673858,,,,,,,,
27213,7/5/13 17:52,republicanova,,0,0,0,pic.twitter.com/4V24XdBcIh #vemprarua #changebrazil. veja + em http://goo.gl/pKMPR .,Neutro,,,#vemprarua #changebrazil,"3,53E+17",https://twitter.com/republicanova/status/353209880208875520,,,,,,,,
2165,7/27/13 8:48,equilibr_um,,0,2,0,Violent protests erupt in Sao Paulo #acordabrasil #changebrazil #saopaulo #vemprarua By @danguima - @Demotix News http://www.demotix.com/news/2294518/violent-protests-erupt-sao-paulo â€¦,Neutro,,@danguima @Demotix,#acordabrasil #changebrazil #saopaulo #vemprarua,"3,61E+17",https://twitter.com/equilibr_um/status/361045537484574720,,,,,,,,
48976,7/16/13 11:31,gidelsena,,0,0,0,#preguiÃ§a #itz161 #protesto #ressaca #vynha http://fb.me/FZNDmFGj,Indefinido,,,#preguiÃ§a #itz161 #protesto #ressaca #vynha,"3,57E+17",https://twitter.com/gidelsena/status/357100081557680128,,,,,,,,
928,7/30/13 2:12,diogoffarias_,,0,5,0,Sdds #OgiganteAcordou sdds #Vemprarua,Positivo,,,#OgiganteAcordou #Vemprarua,"3,62E+17",https://twitter.com/diogoffarias_/status/362033037652930561,,,,,,,,
46217,7/19/13 23:32,Claudio_Custodi,,0,0,0,VVA: DENÃšNCIA! REDE GLOBO SONEGA 600 MILHÃ•ES EM IMPOSTO... http://vejavideosagora.blogspot.com/2013/07/denuncia-rede-globo-sonega-600-milhoes.html?spref=tw â€¦ #MatnifestaÃ§Ãµes #Protesto #RJ #SP #OGiganteBrasilAcordou,Neutro,,,#MatnifestaÃ§Ãµes #Protesto #RJ #SP #OGiganteBrasilAcordou,"3,58E+17",https://twitter.com/Claudio_Custodi/status/358368879501778947,,,,,,,,
54544,7/5/13 13:47,EmeraldDeath,,0,1,1,Y recordad decir #Protesto! y apoyarnos para tener un #AceAttorneyMulti5,Indefinido,,,#Protesto #AceAttorneyMulti5,"3,53E+17",https://twitter.com/EmeraldDeath/status/353148183213391872,,,,,,,,
29724,7/4/13 14:56,LeoSucesso,,0,0,0,#BrazilWorldJoke #BrasilPiadaMundial #ChangeBrazil #MudaBrasil #VemPraRua #AMaiorArquibancadaDoBrasil o/ http://fb.me/6o7Celm9N,Indefinido,,,#BrazilWorldJoke #BrasilPiadaMundial #ChangeBrazil #MudaBrasil #VemPraRua #AMaiorArquibancadaDoBrasil,"3,53E+17",https://twitter.com/LeoSucesso/status/352803064845049858,,,,,,,,
54434,7/5/13 16:52,molote_molote,,0,0,0,@luizraatz Agora a dÃºvida: o pessoal dos protestos #mudabrasil apoia quem no melÃª do Egito?,Neutro,,@luizraatz,#mudabrasil,"3,53E+17",https://twitter.com/molote_molote/status/353194689337372672,,,,,,,,
36444,7/1/13 21:22,o_Arakaki,,0,1,0,"Isso nÃ£o aparece nas tv's nÃ©? Estamos sendo vistos e ouvidos, a luta nÃ£o pode parar! #vemprarua http://fb.me/A7wb58Zi",Negativo,,,#vemprarua,"3,52E+17",https://twitter.com/o_Arakaki/status/351813193175273472,,,,,,,,